Make,VehicleClass,EngineSize,Cylinders,Transmission,FuelType,FuelConsumptionCity,FuelConsumptionHwy,FuelConsumptionComb,CO2Emissions
Honda,COMPACT,2.5,3,M,X,14.2,9.2,11.7,276.6
Hyundai,MID-SIZE,3.2,4,A,Z,14.7,12.3,13.5,327.6
Toyota,STATION WAGON,2.4,6,M,E,11.9,7.1,9.5,169.8
Toyota,FULL-SIZE,6.5,8,AM,X,24.3,21.1,22.7,541.8
Honda,MID-SIZE,2.8,6,AM,N,11.1,9.9,10.5,212.7
Nissan,STATION WAGON,2.2,6,A,N,9.7,6.7,8.2,161.7
Mercedes,SUV,5.0,4,M,D,19.9,13.4,16.6,450.1
Honda,SUB-COMPACT,1.6,4,M,D,5.0,2.0,3.5,89.6
Honda,FULL-SIZE,5.7,6,M,E,17.7,13.3,15.5,280.6
Hyundai,SUV,4.9,4,M,Z,18.2,13.7,15.9,388.3
Honda,SUV,5.7,8,AM,X,23.8,20.0,21.9,543.8
Nissan,FULL-SIZE,4.3,6,AV,N,15.9,13.1,14.5,282.9
Volkswagen,SUB-COMPACT,1.7,3,AV,E,7.5,7.0,7.2,130.2
Honda,FULL-SIZE,6.1,10,AS,N,17.2,15.8,16.5,331.9
Nissan,STATION WAGON,2.5,4,A,N,12.1,6.7,9.4,186.5
Mercedes,MID-SIZE,2.6,4,AS,Z,13.6,7.2,10.4,255.7
BMW,STATION WAGON,3.5,4,AM,N,15.2,12.3,13.8,270.7
Ford,STATION WAGON,3.9,4,AV,D,16.3,14.1,15.2,395.2
Mercedes,PICKUP,4.2,6,AV,Z,15.8,14.0,14.9,360.5
Honda,STATION WAGON,3.5,4,AS,N,10.8,8.5,9.7,195.0
Volkswagen,SUB-COMPACT,2.9,3,AM,E,16.7,10.8,13.8,249.3
Nissan,STATION WAGON,2.9,4,M,Z,12.9,9.8,11.4,268.7
Chevrolet,SUV,2.5,8,A,X,7.6,7.2,7.4,180.4
Mercedes,MID-SIZE,3.0,6,AS,X,12.7,8.4,10.6,256.5
Volkswagen,TWO-SEATER,1.5,4,AS,X,8.8,6.5,7.7,156.3
Mercedes,SUB-COMPACT,1.8,3,A,Z,11.3,8.6,9.9,232.7
Honda,SUV,3.2,8,AS,X,12.3,9.8,11.1,279.4
Chevrolet,MID-SIZE,2.9,4,A,N,16.7,10.4,13.6,276.7
Chevrolet,FULL-SIZE,5.0,8,M,E,18.4,14.3,16.4,293.7
Toyota,SUB-COMPACT,1.5,4,AM,E,11.2,6.2,8.7,161.5
Hyundai,TWO-SEATER,1.3,4,M,Z,9.1,5.2,7.2,152.7
Mercedes,COMPACT,1.1,4,AV,N,5.2,2.0,3.6,66.0
Honda,FULL-SIZE,3.3,6,M,E,14.4,11.2,12.8,237.2
Chevrolet,COMPACT,2.2,4,AV,N,11.4,6.6,9.0,185.0
Chevrolet,MINIVAN,4.2,8,M,D,16.1,11.4,13.8,361.1
Honda,COMPACT,1.9,3,A,N,10.3,8.7,9.5,197.7
Mercedes,MID-SIZE,3.8,6,AM,X,15.2,11.8,13.5,327.8
BMW,STATION WAGON,2.0,6,A,X,4.8,2.0,3.4,84.7
Hyundai,FULL-SIZE,4.4,10,M,D,15.0,12.3,13.7,360.2
BMW,STATION WAGON,3.0,4,A,E,15.0,11.6,13.3,229.5
Mercedes,FULL-SIZE,6.2,8,M,E,21.3,17.8,19.6,354.6
Toyota,MID-SIZE,2.2,4,AV,Z,16.3,11.2,13.8,324.5
Ford,SUB-COMPACT,1.3,4,AM,Z,9.7,5.5,7.6,177.6
Chevrolet,MID-SIZE,2.7,6,AV,X,16.3,11.9,14.1,335.8
Ford,FULL-SIZE,7.4,6,M,D,23.6,19.2,21.4,567.5
Chevrolet,PICKUP,3.8,10,A,E,17.2,11.1,14.1,271.5
Chevrolet,SUV,5.4,6,AM,D,18.4,12.5,15.4,425.1
Chevrolet,COMPACT,2.3,4,AM,D,11.4,5.1,8.2,209.2
BMW,MINIVAN,6.2,8,AV,D,22.8,18.7,20.8,550.4
BMW,FULL-SIZE,5.9,8,A,Z,21.6,18.2,19.9,470.5
Mercedes,SUB-COMPACT,2.2,3,AS,N,7.4,6.5,7.0,137.9
Audi,COMPACT,2.0,3,AM,E,8.6,6.3,7.4,129.2
Mercedes,MINIVAN,6.3,6,AM,N,20.7,18.2,19.4,390.0
Audi,PICKUP,5.8,6,AS,E,25.0,19.6,22.3,422.4
Volkswagen,PICKUP,5.0,6,AM,D,16.9,13.7,15.3,423.7
Volkswagen,MINIVAN,5.3,8,M,N,15.3,10.7,13.0,259.9
Ford,MID-SIZE,2.6,6,A,X,13.3,9.9,11.6,287.2
Chevrolet,FULL-SIZE,3.1,6,AS,N,14.8,11.1,12.9,259.5
Audi,SUV,5.0,6,AS,E,17.4,14.5,15.9,294.4
Toyota,MID-SIZE,3.6,4,M,N,17.1,13.6,15.4,311.8
Honda,TWO-SEATER,1.3,4,AV,N,11.2,6.0,8.6,150.8
Nissan,STATION WAGON,2.9,6,M,E,15.9,11.8,13.9,243.2
BMW,STATION WAGON,3.0,4,AM,E,13.0,11.8,12.4,234.2
BMW,MINIVAN,4.6,10,A,X,14.1,12.4,13.2,310.0
Ford,SUV,2.7,6,AM,N,12.8,10.8,11.8,245.2
Audi,SUB-COMPACT,2.8,3,AV,E,9.8,5.1,7.5,135.3
BMW,SUB-COMPACT,2.7,4,AV,N,11.8,5.9,8.9,180.4
Nissan,SUV,3.5,6,A,E,12.3,8.9,10.6,208.4
Audi,FULL-SIZE,7.2,6,AV,N,20.5,19.3,19.9,396.4
Volkswagen,COMPACT,1.2,4,M,E,9.4,7.8,8.6,148.6
Mercedes,SUV,4.1,6,AS,D,16.7,11.2,13.9,392.2
BMW,MID-SIZE,2.9,4,AM,X,10.6,5.7,8.2,195.3
Toyota,COMPACT,2.9,3,A,N,12.4,11.4,11.9,241.9
Honda,SUV,4.1,6,AM,X,14.2,8.9,11.6,281.7
Honda,FULL-SIZE,7.8,6,AV,Z,28.8,23.3,26.1,600.0
Audi,SUB-COMPACT,2.9,3,A,N,14.5,9.9,12.2,245.7
Honda,PICKUP,7.3,10,A,N,24.0,19.8,21.9,461.2
Audi,MINIVAN,3.3,10,AM,Z,16.7,10.9,13.8,323.5
Honda,SUB-COMPACT,2.9,4,M,E,15.7,13.4,14.6,265.2
BMW,STATION WAGON,3.5,6,AS,N,11.4,7.8,9.6,195.3
Honda,PICKUP,7.4,6,AS,N,23.0,19.4,21.2,449.3
Toyota,TWO-SEATER,2.7,3,AS,X,14.5,12.3,13.4,282.2
BMW,PICKUP,5.8,10,M,Z,21.9,19.7,20.8,519.8
Hyundai,SUV,4.9,8,AS,E,21.1,17.6,19.4,376.6
Chevrolet,SUB-COMPACT,2.4,4,AV,D,10.4,6.9,8.7,225.9
Audi,STATION WAGON,2.7,6,AM,D,9.0,7.6,8.3,215.0
Chevrolet,MINIVAN,3.6,10,M,X,13.7,11.4,12.6,300.3
Volkswagen,STATION WAGON,3.2,4,M,D,12.5,11.0,11.8,315.7
Toyota,STATION WAGON,2.3,4,A,N,10.9,6.9,8.9,185.3
Nissan,MID-SIZE,3.7,6,AS,E,14.5,12.2,13.3,253.0
Toyota,PICKUP,7.7,8,A,Z,26.6,24.8,25.7,600.0
Toyota,FULL-SIZE,3.7,10,AM,Z,15.6,11.3,13.4,320.0
Audi,SUV,5.2,6,AS,E,17.7,14.8,16.2,310.0
Audi,PICKUP,5.8,6,AV,Z,23.7,19.3,21.5,534.7
Chevrolet,PICKUP,6.3,6,M,X,20.3,17.6,19.0,464.8
Audi,TWO-SEATER,2.4,4,AM,Z,10.5,7.5,9.0,195.8
Nissan,MID-SIZE,3.4,6,AV,X,14.6,11.3,12.9,299.5
Ford,PICKUP,7.1,6,A,X,25.3,20.3,22.8,569.4
Volkswagen,PICKUP,5.2,8,AM,E,19.0,13.7,16.4,310.8
Nissan,TWO-SEATER,1.2,3,AS,D,8.5,6.0,7.2,166.0
Chevrolet,COMPACT,3.0,4,AV,Z,15.8,12.2,14.0,334.6
Hyundai,TWO-SEATER,2.8,3,AV,E,15.7,11.7,13.7,226.7
Honda,TWO-SEATER,1.7,4,AM,Z,9.4,5.0,7.2,149.4
Nissan,PICKUP,6.3,8,AV,Z,23.1,20.3,21.7,542.7
Mercedes,MID-SIZE,3.9,6,AV,Z,17.9,13.7,15.8,393.7
Audi,COMPACT,1.4,4,AV,E,11.1,6.4,8.8,164.1
Chevrolet,PICKUP,5.7,8,AS,E,20.6,17.2,18.9,360.7
Volkswagen,SUV,5.0,6,AV,Z,18.6,16.1,17.4,437.0
Honda,TWO-SEATER,2.9,3,AS,D,10.7,7.9,9.3,219.9
Nissan,TWO-SEATER,1.5,3,AS,X,10.5,5.3,7.9,168.8
Ford,MID-SIZE,2.6,6,AM,N,16.2,15.1,15.6,302.7
BMW,TWO-SEATER,2.7,4,AV,E,13.5,10.5,12.0,187.1
Hyundai,SUB-COMPACT,1.9,4,M,X,10.1,7.1,8.6,209.3
Audi,COMPACT,1.6,4,AS,E,12.1,5.8,8.9,154.8
Ford,TWO-SEATER,2.9,3,AV,N,11.1,9.5,10.3,188.5
Nissan,MID-SIZE,3.1,6,A,X,11.9,8.3,10.1,240.5
Ford,MID-SIZE,2.9,6,AM,N,14.1,9.4,11.8,232.7
Mercedes,STATION WAGON,2.8,6,AS,N,15.4,15.1,15.2,307.2
BMW,SUV,5.1,6,A,Z,15.0,11.1,13.1,327.0
Toyota,COMPACT,1.6,3,AM,D,7.2,5.2,6.2,167.9
Hyundai,SUB-COMPACT,2.1,3,M,X,8.0,5.1,6.5,153.5
Volkswagen,SUV,4.2,8,M,X,17.4,14.7,16.0,402.7
BMW,COMPACT,2.8,4,AM,N,9.2,7.3,8.2,162.3
Mercedes,PICKUP,6.2,8,AM,E,21.9,18.0,19.9,372.6
Audi,TWO-SEATER,1.2,4,AV,D,11.8,6.6,9.2,220.4
BMW,COMPACT,3.0,4,AM,Z,11.7,7.4,9.6,232.1
Toyota,TWO-SEATER,2.7,4,M,N,18.2,14.3,16.2,296.3
Chevrolet,PICKUP,6.4,10,M,Z,21.1,15.5,18.3,452.9
BMW,TWO-SEATER,1.1,4,M,Z,13.4,8.8,11.1,233.6
Audi,FULL-SIZE,4.0,10,AM,N,16.9,14.1,15.5,313.9
Ford,PICKUP,7.6,8,AM,D,23.4,18.7,21.0,581.8
Honda,FULL-SIZE,6.8,6,AS,N,16.0,12.1,14.1,276.9
Toyota,PICKUP,5.7,8,AM,D,19.1,14.3,16.7,456.3
Mercedes,MID-SIZE,3.3,6,A,N,19.1,13.8,16.5,322.8
Volkswagen,SUV,4.8,8,AS,D,16.7,13.8,15.2,422.0
Toyota,COMPACT,1.6,4,A,Z,12.3,9.8,11.1,255.9
Audi,TWO-SEATER,1.7,4,AV,X,14.1,8.6,11.3,241.1
Nissan,SUB-COMPACT,2.9,4,A,D,9.2,7.0,8.1,216.2
Chevrolet,MINIVAN,3.5,10,AM,N,16.8,11.2,14.0,277.0
Toyota,SUB-COMPACT,1.6,3,AS,Z,11.3,6.7,9.0,211.4
Volkswagen,COMPACT,1.1,4,M,X,10.1,6.4,8.2,197.7
Hyundai,SUV,4.6,4,AM,X,21.8,16.9,19.4,476.3
BMW,FULL-SIZE,7.9,10,AM,X,28.5,25.4,26.9,600.0
Ford,COMPACT,1.7,3,AV,D,7.0,6.2,6.6,177.2
Ford,SUB-COMPACT,2.1,3,AS,E,12.9,8.3,10.6,187.7
Honda,TWO-SEATER,2.0,3,AV,D,9.4,4.7,7.1,166.5
Toyota,TWO-SEATER,2.7,4,A,E,12.4,8.2,10.3,170.6
Honda,MINIVAN,6.0,6,M,D,21.2,17.0,19.1,500.8
Mercedes,SUB-COMPACT,3.0,4,AS,N,15.7,13.0,14.3,287.5
Honda,STATION WAGON,3.4,4,AS,E,17.7,12.9,15.3,278.5
Nissan,SUB-COMPACT,1.8,3,AM,E,8.1,6.1,7.1,125.0
Ford,TWO-SEATER,1.1,3,A,E,8.6,6.0,7.3,121.0
Ford,STATION WAGON,2.1,6,A,E,10.6,7.2,8.9,160.8
Audi,COMPACT,2.9,4,AM,Z,16.6,13.7,15.2,357.3
Nissan,SUV,5.5,6,AV,D,18.3,17.0,17.6,486.8
Chevrolet,SUB-COMPACT,2.7,3,AV,D,9.4,8.5,8.9,240.5
BMW,MINIVAN,4.8,6,M,N,20.3,17.4,18.9,382.1
Toyota,MID-SIZE,3.5,4,AS,E,17.2,14.9,16.1,289.9
BMW,MINIVAN,6.9,10,AV,Z,26.6,22.6,24.6,581.5
Volkswagen,COMPACT,2.3,4,AS,E,12.3,9.1,10.7,191.9
BMW,SUV,5.1,4,AM,E,17.4,14.9,16.1,307.4
Volkswagen,TWO-SEATER,2.1,4,A,X,9.2,5.8,7.5,169.4
Toyota,SUV,3.6,4,M,D,11.1,9.6,10.3,279.1
Nissan,SUB-COMPACT,1.4,4,AV,X,11.8,7.3,9.6,231.5
Mercedes,MID-SIZE,2.8,4,AS,Z,14.6,12.5,13.6,325.5
Mercedes,SUB-COMPACT,2.1,4,AM,Z,11.3,6.8,9.1,211.2
Ford,TWO-SEATER,2.7,4,A,E,14.3,10.2,12.2,194.6
Volkswagen,SUB-COMPACT,2.0,4,AM,D,10.8,7.6,9.2,242.1
Honda,STATION WAGON,3.3,4,AM,D,12.5,7.1,9.8,257.1
Ford,SUV,2.9,6,M,X,14.5,9.8,12.2,300.6
Honda,FULL-SIZE,7.8,10,AS,E,24.9,19.6,22.2,400.8
Nissan,MINIVAN,7.3,10,AM,X,24.5,21.3,22.9,540.2
BMW,PICKUP,6.0,8,AV,Z,19.8,17.2,18.5,461.6
Toyota,MINIVAN,7.2,6,A,N,21.5,18.0,19.8,389.0
Volkswagen,STATION WAGON,3.9,4,AS,N,14.9,11.3,13.1,260.9
Nissan,STATION WAGON,2.3,4,AS,Z,14.1,8.4,11.2,272.8
Honda,STATION WAGON,3.3,4,M,E,17.9,12.4,15.1,271.0
Volkswagen,FULL-SIZE,4.8,8,AS,E,19.1,13.9,16.5,292.0
Toyota,MINIVAN,3.3,6,AV,E,13.3,10.0,11.7,209.2
Volkswagen,FULL-SIZE,4.7,10,M,D,16.6,13.4,15.0,391.9
Audi,FULL-SIZE,6.0,6,AM,N,21.5,17.7,19.6,399.7
Ford,STATION WAGON,2.2,6,AV,D,8.4,7.4,7.9,210.6
Chevrolet,MINIVAN,7.7,8,M,X,28.6,24.2,26.4,600.0
BMW,MID-SIZE,3.0,4,AM,N,12.5,10.8,11.7,234.1
Ford,FULL-SIZE,7.2,10,M,E,22.4,21.1,21.8,388.5
Chevrolet,TWO-SEATER,2.2,4,M,N,10.5,6.7,8.6,157.1
Nissan,SUV,3.8,8,AS,E,19.5,14.1,16.8,322.6
Hyundai,STATION WAGON,2.8,4,M,N,15.9,14.6,15.2,300.2
Nissan,MINIVAN,5.8,6,AV,Z,21.9,18.5,20.2,479.7
BMW,TWO-SEATER,2.8,3,AS,Z,19.7,15.2,17.4,367.5
Nissan,MINIVAN,7.7,8,A,E,23.6,20.9,22.2,396.6
Honda,MINIVAN,4.1,8,A,D,12.2,8.6,10.4,271.9
BMW,TWO-SEATER,2.4,3,AS,E,10.9,5.8,8.3,135.2
Toyota,PICKUP,4.1,6,AV,N,17.0,14.6,15.8,341.7
BMW,SUV,3.6,4,M,E,17.5,13.0,15.2,284.2
Honda,MID-SIZE,3.7,6,AV,N,11.5,9.9,10.7,216.5
Chevrolet,FULL-SIZE,4.5,6,AV,D,12.6,10.4,11.5,312.8
Honda,STATION WAGON,3.9,4,AV,N,18.1,13.1,15.6,309.7
Hyundai,COMPACT,1.8,4,A,E,9.0,4.3,6.7,127.4
Toyota,MINIVAN,6.9,8,M,Z,24.6,19.3,22.0,527.6
Mercedes,FULL-SIZE,3.2,10,AM,X,12.1,6.8,9.4,219.8
Nissan,FULL-SIZE,7.1,6,AS,Z,23.4,22.1,22.8,540.6
Chevrolet,COMPACT,1.6,4,AV,E,11.1,5.5,8.3,152.5
BMW,COMPACT,2.5,3,AM,D,10.6,7.0,8.8,231.6
Mercedes,PICKUP,3.6,8,AS,E,16.2,10.6,13.4,256.0
Audi,MINIVAN,7.9,8,AS,D,27.9,22.6,25.2,600.0
Honda,SUB-COMPACT,1.2,3,AV,D,4.3,2.8,3.5,98.8
BMW,PICKUP,5.2,10,AS,X,20.4,16.6,18.5,456.4
Toyota,MINIVAN,6.1,8,AM,Z,23.2,20.9,22.0,522.0
Mercedes,STATION WAGON,3.6,4,A,X,18.8,13.3,16.1,381.9
Nissan,COMPACT,1.3,3,AM,D,11.9,8.7,10.3,280.7
Volkswagen,FULL-SIZE,6.4,8,AM,E,22.6,17.8,20.2,368.5
Hyundai,MINIVAN,5.0,10,AM,X,21.6,17.7,19.6,471.4
Ford,TWO-SEATER,2.0,3,AM,D,8.9,5.4,7.2,174.2
Volkswagen,PICKUP,6.5,8,M,Z,23.4,22.6,23.0,563.1
Ford,TWO-SEATER,3.0,4,AM,Z,11.8,8.8,10.3,210.5
BMW,FULL-SIZE,6.6,10,M,D,21.0,18.6,19.8,526.3
Chevrolet,FULL-SIZE,4.2,8,A,D,18.7,15.4,17.1,451.8
Hyundai,FULL-SIZE,6.1,6,A,D,23.1,19.4,21.2,552.8
Nissan,STATION WAGON,2.8,6,AV,Z,8.6,7.1,7.8,184.6
Honda,TWO-SEATER,1.9,4,M,N,12.1,9.0,10.6,190.6
Ford,SUB-COMPACT,2.0,3,A,N,5.5,4.4,5.0,99.6
Mercedes,SUV,3.7,8,AM,Z,12.1,9.2,10.6,267.3
Hyundai,PICKUP,3.6,8,AV,N,14.1,11.8,12.9,266.0
Volkswagen,FULL-SIZE,3.9,10,AV,D,15.1,10.0,12.6,327.3
Toyota,MID-SIZE,2.1,6,M,N,10.8,7.2,9.0,184.8
Nissan,STATION WAGON,2.6,6,AS,X,11.7,6.5,9.1,218.2
BMW,TWO-SEATER,1.1,3,M,E,7.4,4.3,5.8,90.4
Mercedes,FULL-SIZE,4.6,10,AM,D,18.2,13.9,16.1,419.9
Mercedes,STATION WAGON,3.1,6,M,E,11.1,9.3,10.2,177.6
Ford,MID-SIZE,2.1,6,AV,E,14.2,10.6,12.4,223.4
Ford,MINIVAN,7.7,10,AM,X,24.9,20.4,22.6,536.7
Hyundai,TWO-SEATER,2.0,4,AS,Z,9.6,8.1,8.8,186.8
Nissan,SUV,3.3,6,A,Z,15.1,12.2,13.6,342.4
Nissan,PICKUP,5.7,6,AS,X,20.7,15.0,17.9,442.5
Audi,MINIVAN,3.2,6,AV,N,12.2,9.8,11.0,208.5
Honda,SUB-COMPACT,2.0,4,AV,N,6.4,3.0,4.7,100.8
Audi,MINIVAN,7.0,8,AV,D,26.8,23.2,25.0,600.0
Hyundai,SUB-COMPACT,2.0,3,A,X,13.0,7.7,10.3,245.7
Hyundai,TWO-SEATER,1.3,3,AM,N,14.7,12.2,13.4,246.2
Volkswagen,PICKUP,6.0,10,AV,N,20.7,17.1,18.9,391.9
Nissan,COMPACT,1.7,3,AS,N,6.3,2.3,4.3,87.0
Toyota,TWO-SEATER,1.5,3,A,N,8.2,4.7,6.4,108.8
Volkswagen,SUB-COMPACT,1.3,3,A,N,9.7,5.6,7.6,146.6
Toyota,TWO-SEATER,1.6,3,AS,X,13.0,9.0,11.0,238.6
Nissan,COMPACT,2.4,3,AV,D,13.0,7.5,10.2,276.7
Audi,MINIVAN,7.8,8,AV,D,24.8,20.6,22.7,595.0
BMW,TWO-SEATER,1.4,3,AM,N,11.7,7.7,9.7,177.0
BMW,PICKUP,6.5,10,AS,D,19.1,15.5,17.3,478.6
BMW,PICKUP,3.6,10,AV,E,14.8,10.1,12.4,227.1
Mercedes,FULL-SIZE,4.5,8,A,D,19.8,14.1,16.9,455.7
Nissan,SUV,3.2,8,AM,N,12.0,8.8,10.4,221.3
Volkswagen,SUV,3.3,8,AV,X,13.5,10.8,12.2,301.0
Audi,MINIVAN,6.6,6,M,Z,23.7,16.9,20.3,476.8
Ford,SUB-COMPACT,2.3,4,AS,X,12.9,9.0,10.9,254.2
BMW,COMPACT,2.8,3,AV,X,13.7,9.4,11.6,274.7
Toyota,FULL-SIZE,5.1,6,A,E,19.4,15.7,17.5,310.5
BMW,COMPACT,1.0,3,AM,D,6.2,2.4,4.3,117.3
Hyundai,TWO-SEATER,2.8,3,AV,E,13.1,9.6,11.3,178.7
Mercedes,FULL-SIZE,6.7,10,AM,X,21.0,19.9,20.4,487.2
BMW,SUV,3.1,8,AS,E,10.5,8.2,9.3,178.6
Honda,FULL-SIZE,7.9,8,AM,X,22.5,21.3,21.9,521.9
Nissan,PICKUP,7.8,8,AV,N,22.0,20.0,21.0,431.6
Chevrolet,COMPACT,2.3,4,AM,X,8.1,5.0,6.5,154.3
BMW,MID-SIZE,3.3,6,AM,N,13.7,9.9,11.8,231.5
Nissan,FULL-SIZE,5.3,10,AM,E,21.3,15.8,18.6,326.5
Hyundai,SUV,5.2,8,AV,Z,19.5,15.8,17.6,431.7
Mercedes,MID-SIZE,3.8,4,A,N,15.8,11.6,13.7,274.2
Hyundai,FULL-SIZE,3.8,10,AS,Z,15.0,10.1,12.6,296.7
Nissan,MID-SIZE,3.8,6,A,E,16.0,14.3,15.2,270.7
Volkswagen,COMPACT,2.1,4,A,E,11.9,10.9,11.4,199.6
Chevrolet,MID-SIZE,2.1,6,A,N,14.3,7.5,10.9,225.2
Honda,TWO-SEATER,1.1,4,M,X,6.1,2.0,4.0,81.7
Audi,MINIVAN,8.0,8,AS,E,26.7,23.1,24.9,447.2
Hyundai,FULL-SIZE,6.3,8,A,X,24.5,19.3,21.9,516.0
Ford,SUV,5.4,4,AM,E,20.4,16.0,18.2,343.1
Hyundai,SUB-COMPACT,2.6,3,AS,D,12.5,11.3,11.9,315.4
Honda,COMPACT,2.6,4,AV,Z,12.6,11.5,12.1,284.7
Volkswagen,COMPACT,1.9,3,M,Z,9.9,7.6,8.8,206.4
Chevrolet,COMPACT,1.3,4,M,N,9.3,6.2,7.8,153.9
Mercedes,SUV,3.6,4,AV,X,15.2,12.8,14.0,359.3
Hyundai,FULL-SIZE,6.1,8,AV,E,21.2,20.0,20.6,369.2
Audi,STATION WAGON,2.6,6,AS,X,14.1,12.4,13.2,310.8
Hyundai,TWO-SEATER,1.5,3,AM,X,6.9,2.0,4.5,91.4
Hyundai,SUB-COMPACT,2.9,3,AS,X,8.5,6.5,7.5,176.0
Honda,TWO-SEATER,2.7,3,AV,X,11.0,9.7,10.3,227.2
Volkswagen,COMPACT,2.7,3,AV,N,12.3,10.8,11.6,230.9
Mercedes,PICKUP,7.8,6,M,X,29.0,24.8,26.9,600.0
Nissan,SUV,4.9,8,M,E,20.4,15.1,17.8,340.5
BMW,SUB-COMPACT,1.9,4,AM,D,6.2,2.1,4.2,116.6
Nissan,MID-SIZE,3.6,6,AM,X,15.2,12.4,13.8,325.0
Volkswagen,SUV,5.1,4,AM,N,21.8,16.3,19.1,413.1
Audi,PICKUP,3.8,8,M,E,16.1,13.1,14.6,277.2
Hyundai,MINIVAN,4.3,8,AS,E,14.5,11.4,12.9,228.0
Ford,FULL-SIZE,6.6,8,M,N,26.1,19.3,22.7,449.7
Hyundai,COMPACT,2.7,3,A,Z,13.0,8.9,10.9,255.9
Chevrolet,MID-SIZE,3.4,4,M,N,15.3,13.3,14.3,287.7
Volkswagen,TWO-SEATER,2.3,3,A,N,14.0,11.8,12.9,229.9
Hyundai,PICKUP,5.7,8,A,N,21.0,15.7,18.4,381.3
Ford,MID-SIZE,3.8,4,M,X,15.1,11.9,13.5,321.8
Mercedes,PICKUP,7.0,6,AM,E,24.8,22.3,23.6,441.2
Chevrolet,PICKUP,6.4,6,A,Z,23.9,21.1,22.5,567.0
Nissan,COMPACT,2.3,3,A,E,14.0,8.6,11.3,212.8
Mercedes,MID-SIZE,3.8,4,M,X,15.6,9.9,12.8,297.1
Volkswagen,TWO-SEATER,1.5,3,AM,N,6.4,4.1,5.2,100.4
Mercedes,COMPACT,2.9,3,AS,Z,14.3,11.4,12.9,305.5
Volkswagen,SUB-COMPACT,2.4,4,AS,X,13.7,8.5,11.1,257.4
Honda,STATION WAGON,3.5,6,A,Z,19.9,15.6,17.8,422.5
Mercedes,SUB-COMPACT,2.9,4,A,D,13.6,9.1,11.3,301.9
Chevrolet,MINIVAN,5.8,8,AS,X,22.2,17.5,19.9,472.7
Honda,PICKUP,7.0,10,A,Z,21.5,19.3,20.4,510.1
Ford,SUB-COMPACT,1.6,3,A,Z,16.0,10.9,13.4,324.3
BMW,MID-SIZE,2.3,4,AS,E,15.2,11.4,13.3,236.8
Honda,COMPACT,1.2,3,AV,N,8.2,2.4,5.3,105.4
Toyota,PICKUP,5.1,6,AV,X,19.1,16.4,17.8,448.7
Audi,FULL-SIZE,3.7,8,AM,E,10.4,9.4,9.9,185.8
BMW,SUB-COMPACT,1.6,3,AM,D,10.5,4.5,7.5,195.9
Nissan,SUV,4.1,4,AM,Z,16.5,11.7,14.1,342.2
Volkswagen,SUB-COMPACT,2.6,4,AS,D,12.9,8.7,10.8,285.5
Volkswagen,FULL-SIZE,4.5,10,M,E,13.9,9.8,11.9,207.7
Mercedes,PICKUP,6.7,10,AS,N,23.2,19.1,21.1,451.8
BMW,SUB-COMPACT,1.7,3,AV,N,8.5,5.4,7.0,132.5
Toyota,TWO-SEATER,2.9,3,AS,D,13.1,9.6,11.3,267.3
Audi,TWO-SEATER,1.3,4,M,D,5.6,2.0,3.8,90.0
Audi,MID-SIZE,2.9,6,AV,E,12.9,8.0,10.4,190.7
Audi,STATION WAGON,2.1,6,AV,N,15.5,12.7,14.1,287.6
Chevrolet,MINIVAN,3.8,10,A,N,16.9,10.9,13.9,272.5
Audi,MINIVAN,7.8,8,A,Z,29.4,28.3,28.9,600.0
Hyundai,STATION WAGON,3.2,4,AS,D,12.6,8.7,10.6,279.7
Volkswagen,STATION WAGON,2.3,4,AS,Z,11.8,7.9,9.9,233.9
Honda,MID-SIZE,3.7,4,AM,D,12.5,8.7,10.6,277.1
Hyundai,TWO-SEATER,1.7,3,AS,E,9.5,7.3,8.4,133.7
Honda,COMPACT,2.7,3,M,X,11.4,7.7,9.6,228.1
Mercedes,STATION WAGON,2.9,6,M,E,13.3,10.2,11.8,219.9
Audi,SUB-COMPACT,1.1,3,AS,N,4.7,3.0,3.9,83.5
Chevrolet,SUV,3.5,8,A,N,15.6,12.6,14.1,285.2
Ford,MINIVAN,4.6,8,A,D,16.5,12.3,14.4,378.3
Mercedes,SUB-COMPACT,2.2,3,AM,D,9.1,3.8,6.4,165.1
BMW,MID-SIZE,3.3,6,A,X,11.3,9.5,10.4,255.2
Ford,STATION WAGON,2.8,4,AV,E,14.6,11.4,13.0,240.4
Hyundai,FULL-SIZE,5.8,8,AM,X,20.7,17.4,19.0,444.7
Volkswagen,COMPACT,2.7,3,AS,X,10.5,8.5,9.5,227.6
Hyundai,STATION WAGON,3.3,6,AS,E,12.6,8.5,10.6,194.4
Ford,MID-SIZE,3.1,4,AM,Z,12.9,10.2,11.6,273.0
Ford,TWO-SEATER,2.1,4,AV,N,11.1,10.3,10.7,194.6
Hyundai,MINIVAN,5.7,6,AS,N,18.4,16.3,17.4,353.8
Chevrolet,PICKUP,7.4,6,AS,D,20.7,16.9,18.8,524.4
Nissan,MID-SIZE,3.6,4,M,N,16.9,11.6,14.2,282.5
Volkswagen,SUB-COMPACT,1.3,3,M,X,11.1,6.2,8.7,199.9
Hyundai,PICKUP,6.0,6,AM,D,21.0,19.0,20.0,553.5
Hyundai,MID-SIZE,2.3,6,A,D,11.2,7.3,9.2,248.1
Ford,SUV,3.0,6,M,E,12.0,8.4,10.2,185.4
BMW,SUB-COMPACT,1.8,3,A,E,7.4,4.6,6.0,111.0
Mercedes,TWO-SEATER,2.9,4,AV,Z,12.7,6.6,9.6,212.7
Honda,TWO-SEATER,2.3,4,A,N,7.2,2.7,5.0,97.7
Chevrolet,TWO-SEATER,1.5,4,AM,N,10.5,6.5,8.5,152.6
Nissan,MINIVAN,7.5,6,A,Z,24.7,19.7,22.2,528.1
Toyota,MID-SIZE,3.9,4,AS,E,13.7,10.8,12.2,225.1
Chevrolet,FULL-SIZE,7.4,8,M,D,22.1,20.6,21.4,565.7
Honda,MINIVAN,6.3,10,M,Z,21.1,18.6,19.9,471.3
Chevrolet,SUB-COMPACT,2.3,3,A,X,12.3,10.0,11.2,256.9
Chevrolet,STATION WAGON,3.4,4,A,D,12.1,5.8,8.9,238.7
Audi,FULL-SIZE,5.4,6,AS,Z,21.3,18.0,19.6,463.6
Mercedes,MINIVAN,7.4,6,AS,X,25.1,20.5,22.8,542.1
Honda,STATION WAGON,3.1,4,AS,D,12.6,7.8,10.2,265.4
Ford,SUB-COMPACT,2.2,4,M,Z,14.0,10.0,12.0,279.5
Honda,SUB-COMPACT,1.7,4,AM,X,10.1,7.1,8.6,195.3
Chevrolet,STATION WAGON,3.2,6,A,D,13.9,11.2,12.6,335.0
Chevrolet,SUB-COMPACT,1.6,3,M,E,10.1,7.8,8.9,165.1
Volkswagen,MID-SIZE,3.1,4,AM,D,14.6,11.5,13.1,350.9
Volkswagen,SUB-COMPACT,1.7,3,AS,Z,5.1,4.9,5.0,112.1
BMW,SUV,2.6,4,AS,N,10.4,7.1,8.8,184.9
Audi,SUB-COMPACT,2.4,3,AV,N,13.5,10.2,11.8,232.4
BMW,MID-SIZE,3.0,4,M,N,13.2,10.1,11.6,228.2
Honda,PICKUP,6.5,10,M,Z,20.5,16.8,18.6,455.5
Honda,TWO-SEATER,2.2,3,AM,X,8.1,5.5,6.8,139.0
Toyota,FULL-SIZE,5.5,8,AV,N,18.9,13.6,16.2,329.3
Ford,MINIVAN,3.6,8,A,Z,12.9,10.3,11.6,288.1
Hyundai,MID-SIZE,2.5,4,AS,E,13.3,11.1,12.2,220.5
Volkswagen,FULL-SIZE,4.8,8,A,N,17.0,13.9,15.4,311.5
Hyundai,COMPACT,1.1,3,M,Z,8.0,4.9,6.5,154.7
Ford,FULL-SIZE,7.7,6,AV,E,29.3,27.6,28.5,512.5
Mercedes,PICKUP,7.1,10,AM,Z,26.6,21.8,24.2,598.5
Ford,SUV,5.3,4,AS,Z,21.2,15.1,18.1,459.7
BMW,MINIVAN,3.4,8,A,D,11.0,8.6,9.8,267.8
BMW,SUV,4.1,8,AS,X,18.6,14.0,16.3,402.7
Chevrolet,FULL-SIZE,3.0,8,A,X,14.9,10.9,12.9,310.6
Toyota,MINIVAN,3.0,10,AS,D,12.2,10.2,11.2,287.8
Chevrolet,SUB-COMPACT,2.0,3,M,D,6.9,3.8,5.3,138.7
Hyundai,SUB-COMPACT,2.4,4,AS,Z,12.7,8.8,10.8,259.1
Audi,MID-SIZE,3.2,4,AS,X,13.3,11.6,12.4,287.2
Mercedes,SUB-COMPACT,2.4,4,AM,E,11.8,10.5,11.2,204.7
Chevrolet,FULL-SIZE,6.9,10,A,X,22.8,21.0,21.9,524.4
Mercedes,SUB-COMPACT,1.2,4,M,E,9.9,7.9,8.9,162.5
Honda,MID-SIZE,2.3,6,AV,Z,11.0,7.5,9.2,209.7
Ford,MID-SIZE,3.4,6,AS,N,13.6,12.5,13.1,263.0
Ford,COMPACT,2.9,4,AV,N,12.8,10.4,11.6,225.6
Ford,MID-SIZE,2.0,4,M,X,10.1,5.7,7.9,192.5
Honda,PICKUP,7.6,6,A,Z,24.2,21.5,22.9,573.4
Ford,MID-SIZE,3.8,6,A,Z,17.8,13.9,15.9,377.0
Volkswagen,SUB-COMPACT,2.6,4,AS,Z,14.4,11.6,13.0,305.5
Mercedes,SUV,5.7,6,AM,E,22.0,18.3,20.1,377.5
Volkswagen,SUV,4.8,6,AS,N,17.0,14.9,15.9,332.3
Audi,FULL-SIZE,5.1,10,AV,X,19.7,14.8,17.2,405.2
Toyota,SUB-COMPACT,2.6,4,AS,N,16.1,12.0,14.1,277.5
Volkswagen,STATION WAGON,2.6,6,M,Z,11.9,10.0,10.9,256.1
BMW,COMPACT,2.6,4,AV,D,15.5,9.4,12.4,328.3
Ford,MID-SIZE,2.5,4,AM,N,15.6,9.6,12.6,244.6
Toyota,SUV,4.5,6,AM,X,16.5,14.0,15.2,382.9
Mercedes,COMPACT,2.4,4,AV,N,10.7,7.3,9.0,185.3
Nissan,STATION WAGON,2.6,6,A,Z,10.2,8.2,9.2,225.1
Toyota,STATION WAGON,3.0,6,AV,X,19.3,15.1,17.2,405.8
Ford,MINIVAN,3.3,6,AV,X,14.5,8.8,11.7,284.6
Mercedes,MID-SIZE,2.7,6,AV,Z,15.8,13.4,14.6,343.4
Ford,SUB-COMPACT,2.6,4,AM,X,12.5,8.0,10.2,240.3
Volkswagen,MINIVAN,4.1,10,M,E,12.8,9.5,11.2,197.0
Ford,FULL-SIZE,6.6,10,AV,E,21.9,16.2,19.0,338.2
Volkswagen,COMPACT,1.4,4,AV,X,10.0,7.1,8.6,205.0
Nissan,FULL-SIZE,4.7,6,M,D,21.8,17.3,19.6,512.4
Honda,MINIVAN,5.2,8,M,X,21.7,17.9,19.8,468.2
Honda,COMPACT,1.1,4,AS,X,10.2,5.2,7.7,185.9
Audi,MINIVAN,5.7,6,AS,N,18.6,13.9,16.2,325.9
Ford,TWO-SEATER,1.1,3,AM,Z,8.9,4.7,6.8,147.2
Honda,MINIVAN,3.9,8,M,Z,17.0,12.1,14.6,358.3
Honda,MINIVAN,6.0,10,AS,Z,19.9,16.3,18.1,426.3
Volkswagen,SUB-COMPACT,1.3,3,AM,X,9.9,4.8,7.3,170.2
Hyundai,STATION WAGON,2.5,6,AM,X,9.4,7.8,8.6,209.8
Hyundai,TWO-SEATER,1.3,4,A,E,10.4,7.6,9.0,143.2
Volkswagen,TWO-SEATER,1.4,3,M,X,8.4,2.9,5.7,123.7
Nissan,MID-SIZE,2.6,6,AS,E,13.0,8.6,10.8,197.6
Hyundai,SUB-COMPACT,1.4,4,AM,X,9.7,7.1,8.4,191.5
Nissan,PICKUP,4.1,8,AV,Z,18.4,15.8,17.1,434.9
Honda,MID-SIZE,3.3,6,AV,X,13.2,8.5,10.8,254.0
Hyundai,SUB-COMPACT,2.9,4,AV,X,13.7,11.6,12.6,300.3
Toyota,STATION WAGON,3.1,4,A,E,13.8,10.1,11.9,224.3
Chevrolet,SUV,2.9,6,A,E,11.7,8.4,10.1,186.7
Ford,PICKUP,4.6,10,A,Z,14.8,12.0,13.4,329.6
Mercedes,PICKUP,5.6,6,AV,N,20.0,16.7,18.4,395.9
Audi,FULL-SIZE,3.7,10,AV,Z,16.4,11.0,13.7,325.8
Honda,PICKUP,7.3,8,AS,D,22.7,19.8,21.2,593.9
Volkswagen,TWO-SEATER,1.1,4,AS,X,14.3,9.8,12.1,255.7
Audi,COMPACT,1.8,4,M,Z,11.0,5.3,8.2,199.6
Mercedes,COMPACT,1.7,4,AM,D,12.0,6.0,9.0,246.8
Honda,SUV,3.0,8,AS,D,12.7,10.4,11.6,319.6
Honda,SUV,4.0,6,AS,N,18.7,12.7,15.7,335.5
Hyundai,FULL-SIZE,3.3,10,AV,E,14.4,11.3,12.9,234.7
Volkswagen,COMPACT,1.3,3,A,X,9.5,9.2,9.3,226.3
Mercedes,SUV,3.5,6,AV,E,18.1,15.1,16.6,317.1
Toyota,SUV,3.8,8,AS,X,17.0,11.7,14.3,356.6
Hyundai,MINIVAN,4.7,8,A,D,17.3,17.0,17.1,447.4
Volkswagen,SUV,5.5,8,M,X,19.6,17.3,18.5,458.3
Toyota,COMPACT,1.9,3,M,N,12.0,8.1,10.1,208.4
Volkswagen,PICKUP,6.6,10,AM,E,24.5,18.3,21.4,404.7
Nissan,PICKUP,4.1,8,AV,N,13.1,11.2,12.1,258.0
Hyundai,MINIVAN,5.8,10,AV,D,20.0,18.5,19.2,517.7
Honda,MINIVAN,7.9,10,AM,D,23.2,20.0,21.6,571.3
BMW,SUV,3.0,4,A,N,13.6,11.0,12.3,266.6
Ford,COMPACT,2.3,4,AM,E,11.2,7.3,9.2,167.0
Volkswagen,SUV,3.7,8,M,N,17.0,13.0,15.0,315.9
Mercedes,STATION WAGON,2.6,4,AV,X,10.8,8.2,9.5,226.1
BMW,STATION WAGON,3.5,4,AM,Z,16.3,14.7,15.5,362.2
BMW,SUB-COMPACT,2.6,4,AM,D,12.1,8.4,10.2,265.8
Honda,TWO-SEATER,1.1,3,AS,X,11.1,6.5,8.8,180.8
Audi,STATION WAGON,2.6,4,M,X,13.4,8.4,10.9,260.2
Volkswagen,TWO-SEATER,1.3,3,A,E,11.7,7.4,9.6,155.2
Mercedes,COMPACT,1.0,4,M,X,7.7,4.9,6.3,158.7
Honda,FULL-SIZE,6.1,10,AS,E,18.1,14.9,16.5,286.0
Toyota,COMPACT,2.1,4,A,D,12.2,7.5,9.8,256.2
Toyota,COMPACT,2.3,3,M,D,8.0,6.4,7.2,193.6
Hyundai,PICKUP,3.8,6,AM,D,14.8,11.4,13.1,360.2
Hyundai,MINIVAN,5.2,10,M,D,17.4,12.0,14.7,392.4
Chevrolet,FULL-SIZE,7.7,8,A,X,25.4,21.6,23.5,556.5
Chevrolet,COMPACT,2.2,3,A,D,15.0,9.8,12.4,322.0
Audi,PICKUP,6.9,10,A,N,22.2,16.2,19.2,399.5
Toyota,COMPACT,2.4,4,AS,E,10.4,9.2,9.8,177.6
Ford,SUV,4.9,8,A,D,16.5,14.5,15.5,431.6
Hyundai,PICKUP,6.1,10,M,E,20.1,16.4,18.2,351.5
Volkswagen,MID-SIZE,2.6,4,AS,X,12.8,8.0,10.4,252.1
Hyundai,SUV,3.8,6,AM,X,14.3,12.7,13.5,338.3
Chevrolet,TWO-SEATER,1.7,3,A,Z,13.5,7.4,10.4,223.8
Nissan,FULL-SIZE,7.7,10,A,Z,28.7,23.1,25.9,600.0
Nissan,PICKUP,4.3,6,A,X,18.6,12.6,15.6,392.0
Mercedes,MINIVAN,5.1,6,A,Z,17.1,16.7,16.9,407.7
Ford,MINIVAN,4.8,8,AV,D,17.2,13.4,15.3,412.9
Mercedes,FULL-SIZE,3.6,8,AS,D,15.3,9.8,12.6,325.5
Nissan,SUB-COMPACT,2.3,3,A,X,12.8,9.8,11.3,264.4
Ford,MID-SIZE,2.8,6,AV,E,13.4,11.5,12.4,219.9
Mercedes,COMPACT,2.7,3,AS,E,10.3,8.6,9.4,159.8
Toyota,MID-SIZE,2.5,6,A,N,12.4,7.6,10.0,187.9
Volkswagen,SUV,5.9,8,AM,N,17.7,13.5,15.6,331.6
Honda,SUB-COMPACT,2.3,3,AS,D,13.0,8.4,10.7,284.6
Ford,STATION WAGON,3.8,4,A,X,13.6,10.2,11.9,281.8
Nissan,FULL-SIZE,3.4,8,AM,X,13.8,11.7,12.8,297.6
Hyundai,SUV,4.4,6,AS,X,18.3,16.7,17.5,440.1
Volkswagen,TWO-SEATER,1.2,4,AS,D,6.0,4.1,5.0,118.9
Toyota,MID-SIZE,2.8,4,AV,N,11.4,11.1,11.2,213.8
Volkswagen,PICKUP,7.5,10,M,E,26.1,21.2,23.6,442.5
Toyota,SUV,5.5,6,AV,N,18.1,13.6,15.9,332.4
Mercedes,TWO-SEATER,1.2,3,A,D,11.0,7.7,9.3,223.8
BMW,STATION WAGON,3.0,4,A,X,12.3,7.9,10.1,242.2
Audi,MID-SIZE,2.5,4,M,Z,17.3,12.4,14.9,357.8
Nissan,SUV,5.0,4,AS,Z,20.8,14.6,17.7,437.1
Volkswagen,MID-SIZE,3.5,6,AS,N,18.0,13.7,15.8,318.0
Nissan,COMPACT,2.1,3,AV,E,14.4,9.6,12.0,219.2
Hyundai,FULL-SIZE,6.5,6,M,Z,24.4,21.0,22.7,535.3
Mercedes,STATION WAGON,3.8,6,AV,X,17.2,13.2,15.2,361.2
BMW,TWO-SEATER,2.6,3,AS,N,17.5,12.4,14.9,265.1
BMW,STATION WAGON,3.7,4,M,X,19.2,15.9,17.6,418.1
Mercedes,FULL-SIZE,7.9,10,M,N,24.6,20.5,22.6,449.6
Honda,MINIVAN,5.8,10,AV,E,20.6,15.2,17.9,324.3
Hyundai,PICKUP,7.4,8,A,N,24.0,22.4,23.2,484.2
Toyota,COMPACT,1.4,3,AM,D,7.0,6.3,6.7,187.6
BMW,SUV,5.1,4,AM,E,20.6,17.6,19.1,363.3
Hyundai,SUV,5.1,8,AS,X,18.9,14.4,16.6,413.7
BMW,COMPACT,2.9,4,AS,D,15.3,11.3,13.3,346.0
BMW,SUV,4.7,6,M,D,17.3,12.6,14.9,404.2
Volkswagen,SUV,5.2,4,AM,E,18.5,15.8,17.1,326.6
Ford,FULL-SIZE,6.7,6,AS,Z,22.0,18.6,20.3,489.0
Ford,FULL-SIZE,5.9,8,A,D,17.2,12.5,14.8,383.4
Toyota,FULL-SIZE,7.6,10,A,N,26.8,22.5,24.6,497.2
Volkswagen,STATION WAGON,2.7,6,AV,X,17.9,12.6,15.2,357.9
Hyundai,FULL-SIZE,5.1,10,AS,Z,20.8,16.8,18.8,445.4
Mercedes,MINIVAN,4.8,6,AV,N,17.6,14.0,15.8,320.4
Toyota,MID-SIZE,3.3,6,M,N,17.2,12.8,15.0,292.1
Toyota,MINIVAN,4.9,6,AS,D,20.4,17.4,18.9,505.9
Hyundai,MINIVAN,5.6,10,AS,E,16.9,14.1,15.5,281.0
Chevrolet,MINIVAN,5.6,6,M,N,21.1,17.1,19.1,383.3
Chevrolet,SUV,5.5,6,A,X,18.8,14.5,16.6,409.6
Audi,MID-SIZE,3.5,4,A,E,15.6,12.6,14.1,259.7
Honda,COMPACT,1.4,4,AV,Z,11.4,8.4,9.9,232.8
BMW,SUB-COMPACT,1.8,4,AS,D,9.1,7.0,8.1,199.6
Hyundai,COMPACT,2.3,3,AV,Z,15.4,12.3,13.9,320.7
Hyundai,MID-SIZE,2.6,6,AV,Z,11.4,7.5,9.4,217.2
Audi,SUB-COMPACT,2.6,3,AS,X,10.0,7.5,8.8,214.4
Audi,STATION WAGON,2.6,4,AM,D,12.4,8.5,10.4,276.3
Hyundai,FULL-SIZE,3.6,6,AV,N,14.5,11.3,12.9,260.4
Honda,PICKUP,4.1,10,AM,X,16.1,12.5,14.3,349.1
Hyundai,FULL-SIZE,3.8,6,AV,D,15.3,13.9,14.6,383.0
Volkswagen,COMPACT,2.7,4,AV,Z,9.3,7.9,8.6,201.7
Honda,SUV,5.0,6,AM,D,19.0,16.5,17.8,497.9
Honda,PICKUP,6.1,6,AM,E,20.4,16.7,18.5,347.9
BMW,FULL-SIZE,5.8,8,AM,E,18.5,16.9,17.7,329.0
Chevrolet,SUB-COMPACT,1.6,4,M,D,11.3,6.4,8.9,237.1
Mercedes,PICKUP,5.4,6,M,N,19.9,18.7,19.3,406.6
Ford,STATION WAGON,2.4,4,A,Z,13.4,8.1,10.8,255.0
Volkswagen,SUB-COMPACT,2.5,3,A,N,11.1,7.4,9.2,183.8
Hyundai,TWO-SEATER,2.3,3,AM,E,12.1,8.9,10.5,170.4
BMW,FULL-SIZE,5.3,10,A,E,20.2,18.7,19.4,348.8
Chevrolet,FULL-SIZE,6.8,6,AS,X,21.9,18.3,20.1,466.4
Ford,TWO-SEATER,2.9,3,M,E,14.0,12.3,13.2,215.4
Chevrolet,COMPACT,2.3,4,AS,E,15.4,9.1,12.2,205.1
Toyota,MINIVAN,3.5,10,AM,D,18.2,14.2,16.2,427.0
Audi,SUB-COMPACT,1.7,3,AV,D,11.0,6.7,8.8,227.1
Hyundai,SUB-COMPACT,1.7,4,AS,E,13.0,9.5,11.2,196.3
Ford,TWO-SEATER,1.3,3,AV,D,5.8,4.4,5.1,129.8
Mercedes,MID-SIZE,3.3,6,AM,Z,14.3,10.9,12.6,299.7
Chevrolet,FULL-SIZE,6.2,8,A,X,21.4,19.5,20.4,486.0
Ford,FULL-SIZE,6.1,6,AV,X,19.8,18.8,19.3,459.2
Ford,STATION WAGON,3.9,4,AM,Z,19.9,17.2,18.5,438.2
Nissan,TWO-SEATER,1.3,4,AV,X,10.8,5.2,8.0,175.4
Ford,STATION WAGON,2.5,6,AS,N,14.8,11.8,13.3,271.9
Audi,FULL-SIZE,3.5,6,AV,N,16.8,11.5,14.2,278.3
Volkswagen,MID-SIZE,2.4,4,AV,N,16.3,13.0,14.7,288.3
Ford,STATION WAGON,3.7,6,AV,E,15.3,13.7,14.5,257.2
Hyundai,SUB-COMPACT,1.5,4,AS,D,9.0,4.4,6.7,178.5
Volkswagen,MID-SIZE,2.9,6,AS,X,15.5,11.6,13.6,324.4
Volkswagen,STATION WAGON,2.8,4,A,Z,17.0,14.4,15.7,374.4
Toyota,SUB-COMPACT,2.3,4,AS,D,8.7,7.0,7.8,210.7
Volkswagen,PICKUP,4.3,10,AS,N,18.6,16.3,17.5,361.1
Audi,SUV,3.9,8,AS,X,16.4,13.3,14.8,372.0
BMW,PICKUP,5.9,10,AS,X,21.6,16.2,18.9,477.5
Chevrolet,TWO-SEATER,2.6,3,A,X,12.2,7.8,10.0,213.8
Hyundai,COMPACT,1.3,3,A,X,8.8,5.1,7.0,166.0
Honda,MID-SIZE,2.5,6,A,N,8.2,6.9,7.5,142.8
Audi,STATION WAGON,2.6,4,M,E,15.4,13.1,14.2,251.4
Hyundai,PICKUP,4.0,10,AV,N,14.8,10.2,12.5,251.2
Toyota,MINIVAN,4.2,6,M,Z,17.7,11.4,14.6,339.4
Mercedes,SUB-COMPACT,1.8,3,AV,Z,15.2,12.1,13.6,327.4
Honda,STATION WAGON,2.6,6,AM,D,9.0,5.2,7.1,198.7
Nissan,SUB-COMPACT,2.1,4,M,E,13.2,9.5,11.3,201.8
Hyundai,PICKUP,4.7,6,AV,D,13.3,7.3,10.3,297.6
Volkswagen,PICKUP,6.5,8,AV,E,20.6,15.2,17.9,329.7
Nissan,TWO-SEATER,2.8,3,AS,Z,14.6,12.4,13.5,298.9
Chevrolet,SUV,5.3,6,AM,N,22.2,17.9,20.0,422.9
BMW,SUV,3.5,6,AM,Z,16.7,13.9,15.3,385.2
Mercedes,MINIVAN,4.1,10,AM,X,19.6,13.7,16.6,394.8
Chevrolet,TWO-SEATER,2.5,3,M,D,10.3,8.9,9.6,227.8
Chevrolet,MINIVAN,3.8,6,A,Z,15.2,10.5,12.8,302.0
Volkswagen,COMPACT,2.5,3,AS,D,8.3,4.4,6.4,168.5
Volkswagen,PICKUP,5.5,10,AM,E,16.7,14.0,15.3,283.4
Toyota,STATION WAGON,3.6,6,AV,Z,15.9,12.7,14.3,345.9
Ford,TWO-SEATER,3.0,4,AM,Z,13.9,13.2,13.6,283.1
Volkswagen,MID-SIZE,2.7,6,M,N,9.8,8.0,8.9,182.7
Volkswagen,MINIVAN,4.8,8,AS,X,15.7,11.8,13.8,325.9
Mercedes,SUB-COMPACT,1.6,3,AV,X,13.0,7.0,10.0,232.2
Honda,PICKUP,7.0,10,AS,E,22.5,19.3,20.9,388.0
Ford,TWO-SEATER,2.6,3,AS,E,9.8,6.6,8.2,134.3
Hyundai,STATION WAGON,3.4,6,AM,D,10.6,6.6,8.6,229.2
Audi,MID-SIZE,3.4,4,M,D,13.4,9.6,11.5,306.4
Nissan,MINIVAN,4.3,8,AV,N,18.9,14.4,16.6,338.8
Toyota,SUB-COMPACT,1.2,3,AV,N,9.8,5.6,7.7,151.9
BMW,MINIVAN,4.6,10,AS,E,19.3,14.6,16.9,306.9
BMW,TWO-SEATER,2.3,3,M,D,10.5,7.0,8.8,209.2
Audi,MID-SIZE,2.2,6,M,D,8.4,6.2,7.3,189.4
BMW,SUB-COMPACT,1.5,4,AM,N,7.0,3.6,5.3,114.7
Ford,FULL-SIZE,7.3,6,M,D,22.5,16.7,19.6,514.0
Honda,SUV,3.1,4,A,Z,14.6,9.4,12.0,303.3
Toyota,COMPACT,2.5,3,A,D,11.1,8.4,9.8,265.0
Audi,PICKUP,4.1,10,AM,E,15.4,12.5,13.9,264.2
Ford,COMPACT,1.1,4,AM,E,6.9,2.5,4.7,95.3
BMW,STATION WAGON,2.9,4,AV,N,10.7,6.6,8.6,173.5
Volkswagen,SUB-COMPACT,2.0,4,AM,E,12.4,7.9,10.2,185.7
Nissan,PICKUP,4.8,8,M,D,14.7,13.1,13.9,384.6
Ford,MINIVAN,4.4,10,A,E,18.9,13.7,16.3,292.7
Toyota,SUB-COMPACT,2.6,3,A,N,13.9,11.2,12.6,263.1
Hyundai,SUB-COMPACT,1.8,3,AS,E,8.3,7.1,7.7,131.8
Chevrolet,STATION WAGON,3.5,6,AM,N,15.8,11.3,13.6,284.9
Honda,FULL-SIZE,3.7,6,AS,N,13.5,9.5,11.5,238.2
Nissan,SUV,3.6,4,A,N,16.4,13.4,14.9,310.0
BMW,PICKUP,3.6,8,A,X,14.5,14.1,14.3,364.5
Chevrolet,MINIVAN,5.1,8,AM,E,18.8,15.9,17.4,312.2
Honda,FULL-SIZE,3.3,8,A,N,13.0,10.5,11.8,230.9
BMW,SUB-COMPACT,2.7,3,M,E,12.5,8.1,10.3,179.3
Toyota,SUV,4.1,4,AV,X,16.2,12.3,14.2,349.3
BMW,MINIVAN,3.8,10,A,N,16.1,13.2,14.7,286.2
BMW,SUV,3.8,4,M,Z,15.6,13.4,14.5,365.2
Toyota,FULL-SIZE,7.0,10,A,E,20.7,17.5,19.1,345.7
Toyota,TWO-SEATER,2.4,3,AM,Z,14.0,11.5,12.8,267.6
Volkswagen,MINIVAN,7.7,10,A,Z,28.5,26.6,27.6,600.0
Hyundai,MID-SIZE,2.3,4,AM,N,11.5,6.1,8.8,175.7
Nissan,SUV,2.6,6,AM,X,12.6,11.5,12.1,301.6
Nissan,STATION WAGON,2.6,6,M,N,12.3,10.5,11.4,223.4
Nissan,PICKUP,7.3,10,AV,X,22.9,22.1,22.5,552.5
BMW,PICKUP,5.7,8,A,N,19.5,17.5,18.5,383.8
Toyota,MINIVAN,6.9,6,AM,Z,22.9,18.7,20.8,499.1
Audi,SUV,4.3,6,AV,X,19.4,16.0,17.7,443.6
Mercedes,MID-SIZE,2.2,4,A,X,8.0,7.2,7.6,178.5
Honda,TWO-SEATER,1.4,3,AV,E,12.6,8.3,10.4,169.1
Volkswagen,PICKUP,3.2,6,AV,Z,17.2,14.4,15.8,395.2
Nissan,MID-SIZE,2.9,4,AM,N,14.6,9.0,11.8,234.5
Mercedes,COMPACT,2.6,4,AV,Z,14.2,8.8,11.5,271.8
Honda,SUV,5.9,4,A,X,22.3,19.6,21.0,527.6
Hyundai,SUV,4.5,4,AV,N,15.3,13.4,14.4,295.4
Volkswagen,MINIVAN,6.4,10,AS,Z,17.5,16.3,16.9,403.1
Audi,STATION WAGON,2.7,4,AV,N,10.3,7.5,8.9,167.2
Mercedes,STATION WAGON,4.0,6,AM,E,17.8,13.5,15.7,295.1
Mercedes,SUV,4.5,4,AS,N,18.9,14.5,16.7,355.1
Nissan,TWO-SEATER,2.9,3,A,D,12.8,8.9,10.9,258.6
BMW,COMPACT,1.6,3,M,D,8.9,6.4,7.7,201.8
BMW,STATION WAGON,3.0,4,A,Z,14.4,12.1,13.2,314.4
BMW,MINIVAN,7.4,6,M,D,23.4,19.9,21.6,575.2
Audi,SUV,5.1,8,AM,E,17.1,13.9,15.5,289.0
Volkswagen,MID-SIZE,3.2,6,A,N,14.6,10.7,12.6,247.5
Mercedes,MINIVAN,7.4,8,AS,Z,26.5,22.4,24.4,578.2
Volkswagen,COMPACT,2.3,4,A,D,13.0,10.0,11.5,306.0
Volkswagen,FULL-SIZE,4.6,10,M,X,15.7,13.3,14.5,347.7
Audi,TWO-SEATER,2.5,3,M,E,14.2,11.8,13.0,213.1
Ford,MINIVAN,3.4,10,A,N,14.1,12.3,13.2,257.4
Hyundai,SUB-COMPACT,2.5,3,M,E,10.4,6.7,8.6,153.3
Volkswagen,SUV,4.5,8,AV,X,15.0,13.2,14.1,349.9
Audi,MINIVAN,6.4,10,A,Z,23.3,19.3,21.3,507.5
Mercedes,SUV,3.6,8,A,D,12.5,10.8,11.7,326.9
Nissan,FULL-SIZE,5.2,6,M,D,16.8,13.9,15.4,396.7
Honda,MID-SIZE,3.5,4,AV,X,14.3,8.4,11.4,269.5
Toyota,MINIVAN,6.5,6,AM,E,19.7,16.8,18.2,330.6
Hyundai,SUV,3.2,8,AM,N,17.0,12.9,14.9,319.3
Ford,COMPACT,1.8,3,AM,X,8.3,7.5,7.9,194.7
Volkswagen,PICKUP,3.3,10,A,Z,14.6,12.2,13.4,331.7
Mercedes,MID-SIZE,2.0,6,M,E,9.8,5.6,7.7,137.1
Mercedes,TWO-SEATER,2.7,3,M,X,12.0,8.6,10.3,220.5
Toyota,COMPACT,1.5,4,AM,E,9.6,7.6,8.6,154.8
Mercedes,MINIVAN,4.8,8,M,N,18.0,16.7,17.4,354.0
BMW,SUB-COMPACT,2.8,3,AV,D,12.8,10.9,11.9,306.7
Audi,FULL-SIZE,3.4,8,AV,N,10.9,5.3,8.1,166.7
Audi,SUV,4.5,6,AM,N,13.8,10.9,12.4,259.2
Chevrolet,FULL-SIZE,5.9,10,M,X,17.6,14.3,16.0,370.2
Hyundai,FULL-SIZE,5.2,6,AV,X,19.4,16.4,17.9,428.0
Honda,FULL-SIZE,4.6,6,A,D,16.9,12.1,14.5,369.8
Audi,PICKUP,5.2,10,AM,X,19.0,15.6,17.3,432.6
Ford,COMPACT,2.5,4,AV,N,9.7,5.5,7.6,152.9
Chevrolet,COMPACT,1.7,4,M,N,11.6,6.8,9.2,186.9
Mercedes,FULL-SIZE,7.3,8,AS,X,23.1,21.8,22.5,528.4
Audi,COMPACT,2.9,4,M,X,16.7,13.4,15.1,357.1
Nissan,TWO-SEATER,2.4,4,M,E,11.6,9.8,10.7,169.1
Audi,MINIVAN,5.0,10,AV,N,17.8,13.7,15.8,311.6
Toyota,STATION WAGON,2.2,6,A,X,11.2,8.0,9.6,236.1
Toyota,STATION WAGON,2.8,4,M,D,9.0,4.6,6.8,171.5
BMW,TWO-SEATER,1.3,4,AV,Z,13.5,8.0,10.8,229.4
Nissan,TWO-SEATER,1.2,3,M,N,9.4,3.6,6.5,121.7
Ford,SUB-COMPACT,1.8,4,A,X,9.1,4.6,6.8,170.3
Chevrolet,TWO-SEATER,1.2,4,M,Z,9.2,6.7,7.9,166.3
Mercedes,MID-SIZE,3.0,6,AV,N,19.6,14.7,17.1,339.0
Audi,COMPACT,2.5,4,AV,X,12.4,11.3,11.9,283.5
Toyota,SUB-COMPACT,1.6,4,AM,X,11.1,10.2,10.6,259.0
Chevrolet,COMPACT,2.2,4,A,E,11.6,8.1,9.8,172.6
Toyota,TWO-SEATER,1.5,4,AS,E,10.4,6.9,8.7,137.9
Toyota,SUV,5.6,6,AV,N,25.3,21.4,23.4,492.1
Ford,FULL-SIZE,3.3,8,A,X,14.9,9.5,12.2,290.1
Volkswagen,PICKUP,4.7,6,A,Z,15.2,13.0,14.1,345.8
BMW,STATION WAGON,2.4,6,AV,D,15.1,11.1,13.1,342.6
BMW,MINIVAN,4.8,8,A,E,17.3,13.7,15.5,281.7
Nissan,FULL-SIZE,3.6,8,AM,N,17.0,14.7,15.8,319.6
Chevrolet,COMPACT,1.2,3,AS,N,12.7,6.0,9.3,182.2
BMW,SUB-COMPACT,2.2,4,AM,N,9.0,4.8,6.9,145.5
Ford,TWO-SEATER,2.0,4,AS,X,11.9,7.7,9.8,207.9
BMW,SUV,2.5,4,AS,Z,16.4,12.8,14.6,366.2
Volkswagen,SUB-COMPACT,1.8,4,AM,N,12.6,8.8,10.7,224.8
Chevrolet,PICKUP,4.3,6,AM,D,14.5,11.5,13.0,365.2
Toyota,MID-SIZE,3.4,6,AS,N,15.1,12.5,13.8,277.3
Ford,SUV,3.7,6,AS,E,19.5,14.4,16.9,322.0
Nissan,FULL-SIZE,6.1,10,AM,E,23.5,19.1,21.3,388.8
Toyota,STATION WAGON,2.6,6,AV,N,9.8,8.0,8.9,173.8
Mercedes,MINIVAN,3.3,6,AM,Z,12.0,9.5,10.8,246.1
Hyundai,FULL-SIZE,5.9,8,M,N,23.3,20.5,21.9,432.5
BMW,MINIVAN,6.5,8,AS,Z,22.3,19.6,21.0,496.3
Nissan,PICKUP,4.1,8,M,Z,16.9,15.3,16.1,404.9
Chevrolet,MID-SIZE,2.9,4,AS,N,13.6,12.0,12.8,253.1
Nissan,STATION WAGON,2.6,6,M,Z,14.0,7.9,10.9,259.7
Ford,SUV,5.0,6,AS,N,16.5,15.1,15.8,340.2
Toyota,MID-SIZE,2.7,4,A,N,14.8,9.5,12.2,247.7
Toyota,PICKUP,6.2,6,AM,X,21.6,20.0,20.8,523.7
Mercedes,TWO-SEATER,2.3,4,M,X,11.2,10.1,10.6,220.2
Volkswagen,STATION WAGON,3.0,4,AV,D,13.5,10.5,12.0,313.5
BMW,SUV,3.1,6,AV,D,11.9,9.5,10.7,299.7
Toyota,TWO-SEATER,2.8,3,A,E,13.7,12.2,12.9,209.1
Ford,TWO-SEATER,2.2,4,AM,X,13.0,8.1,10.6,233.7
Hyundai,MID-SIZE,3.9,6,AV,X,14.6,11.8,13.2,325.8
Nissan,MID-SIZE,2.9,6,AS,X,16.2,11.9,14.1,325.4
Volkswagen,PICKUP,7.6,8,M,D,26.7,20.9,23.8,600.0
Nissan,TWO-SEATER,1.1,4,A,D,10.2,5.8,8.0,193.1
BMW,MINIVAN,6.0,6,AV,Z,20.8,17.1,19.0,444.2
Honda,MINIVAN,5.8,6,AM,N,19.9,16.3,18.1,357.7
Chevrolet,SUV,4.4,6,AS,Z,15.7,11.9,13.8,346.5
Volkswagen,SUB-COMPACT,2.6,4,AV,D,15.0,12.1,13.6,361.0
Honda,TWO-SEATER,1.2,4,AM,N,5.0,3.3,4.2,77.6
BMW,SUB-COMPACT,1.1,3,AV,E,10.5,7.2,8.8,155.4
Toyota,MID-SIZE,2.4,4,AV,Z,13.3,8.2,10.8,256.0
Nissan,STATION WAGON,2.6,6,M,X,11.7,8.0,9.8,235.5
Volkswagen,PICKUP,7.6,8,AM,Z,25.6,21.4,23.5,587.0
Hyundai,SUB-COMPACT,2.7,4,A,D,11.6,5.1,8.3,216.9
Toyota,STATION WAGON,3.6,6,A,D,16.9,12.7,14.8,388.9
Volkswagen,SUB-COMPACT,2.3,4,AS,E,14.9,12.6,13.8,246.4
Ford,TWO-SEATER,1.3,4,AM,E,8.3,4.7,6.5,109.5
Ford,FULL-SIZE,3.1,10,A,X,11.8,7.5,9.7,221.1
Audi,FULL-SIZE,3.4,10,AS,E,13.0,7.4,10.2,189.9
Audi,FULL-SIZE,5.3,8,AV,E,17.7,15.5,16.6,311.6
Audi,COMPACT,2.2,3,AV,D,9.0,5.7,7.3,193.6
Mercedes,COMPACT,3.0,4,AM,Z,17.4,12.2,14.8,360.8
Honda,FULL-SIZE,6.7,10,AM,E,26.9,23.3,25.1,457.8
Volkswagen,MID-SIZE,2.5,4,AV,N,13.5,12.1,12.8,259.0
Mercedes,STATION WAGON,3.6,6,AS,N,18.2,12.8,15.5,307.2
Mercedes,SUB-COMPACT,1.7,4,AM,X,6.8,3.8,5.3,125.6
BMW,PICKUP,3.3,8,AV,X,14.2,9.9,12.1,298.7
BMW,COMPACT,1.6,3,M,N,9.7,7.0,8.3,170.8
BMW,FULL-SIZE,6.1,8,AM,Z,22.9,18.1,20.5,493.2
Volkswagen,FULL-SIZE,6.3,8,M,D,19.6,15.8,17.7,466.3
Ford,STATION WAGON,3.7,6,A,X,14.2,9.4,11.8,270.3
Nissan,SUB-COMPACT,2.5,3,AS,X,10.9,7.9,9.4,222.2
Mercedes,COMPACT,2.3,3,A,X,14.6,11.3,12.9,308.9
Nissan,STATION WAGON,2.5,6,AS,D,7.8,4.6,6.2,173.0
Toyota,PICKUP,7.6,8,AS,D,28.3,22.4,25.4,600.0
Toyota,MID-SIZE,3.8,6,AS,N,16.7,10.5,13.6,267.2
Mercedes,PICKUP,4.3,6,AM,N,15.6,11.7,13.6,291.3
Chevrolet,SUV,4.3,8,M,D,19.7,15.5,17.6,496.0
Honda,COMPACT,1.8,3,AS,D,7.4,5.7,6.6,168.6
Chevrolet,COMPACT,1.0,3,A,N,9.4,4.3,6.8,127.2
Volkswagen,MID-SIZE,3.4,4,A,N,13.7,11.2,12.4,247.3
Volkswagen,FULL-SIZE,7.5,10,M,D,22.0,18.8,20.4,530.6
Honda,TWO-SEATER,2.8,4,AS,D,12.1,8.7,10.4,244.7
BMW,COMPACT,1.8,4,A,D,9.0,4.4,6.7,162.5
Nissan,MID-SIZE,3.0,4,AV,E,12.2,10.0,11.1,208.7
Ford,STATION WAGON,3.5,4,AV,Z,20.2,14.4,17.3,407.7
Honda,COMPACT,1.1,4,AS,Z,9.6,5.6,7.6,182.5
Toyota,COMPACT,2.3,4,M,D,10.4,5.0,7.7,204.8
Hyundai,TWO-SEATER,2.0,4,A,N,11.4,9.4,10.4,192.7
Nissan,MID-SIZE,3.1,6,AM,D,12.2,8.7,10.4,273.5
Honda,MINIVAN,5.7,8,A,E,19.5,15.6,17.6,312.7
Chevrolet,FULL-SIZE,5.8,8,M,D,19.8,14.4,17.1,453.3
Mercedes,TWO-SEATER,1.2,4,M,X,9.0,8.8,8.9,186.2
Volkswagen,SUV,4.2,4,AV,D,18.5,13.6,16.1,444.9
Nissan,COMPACT,1.1,3,AM,Z,8.8,6.6,7.7,178.8
Hyundai,TWO-SEATER,2.9,3,AV,X,10.1,6.3,8.2,178.9
Ford,TWO-SEATER,2.3,4,AV,Z,12.7,9.8,11.2,237.6
Toyota,FULL-SIZE,6.2,8,A,E,22.1,17.1,19.6,355.4
Honda,MID-SIZE,2.2,4,A,X,8.1,3.9,6.0,139.6
Audi,MINIVAN,3.6,10,AV,N,15.1,12.1,13.6,265.7
Chevrolet,COMPACT,2.2,4,A,Z,11.7,8.3,10.0,230.2
Ford,MINIVAN,5.8,8,M,N,19.6,19.1,19.4,387.8
Volkswagen,SUB-COMPACT,2.6,3,AS,Z,7.8,7.2,7.5,183.6
Honda,PICKUP,5.1,8,M,X,15.9,14.5,15.2,374.0
Nissan,SUB-COMPACT,1.5,3,AV,Z,11.0,6.5,8.8,214.3
Volkswagen,MID-SIZE,3.3,6,AM,E,10.2,9.5,9.8,176.7
Honda,STATION WAGON,4.0,6,AV,N,15.7,12.5,14.1,285.5
Chevrolet,PICKUP,3.3,6,M,E,14.6,12.1,13.3,249.5
Toyota,COMPACT,2.3,4,M,E,9.1,6.2,7.7,139.0
Nissan,COMPACT,1.2,3,AV,X,5.5,4.8,5.2,108.6
Hyundai,MID-SIZE,2.1,4,AS,N,12.4,8.9,10.7,218.5
Mercedes,SUV,5.2,6,M,Z,13.7,11.5,12.6,308.3
Chevrolet,SUB-COMPACT,2.8,3,AS,N,14.2,9.6,11.9,248.3
Ford,SUV,5.7,6,M,E,19.8,16.9,18.4,344.0
Chevrolet,MINIVAN,7.9,6,AM,X,23.5,21.7,22.6,542.5
BMW,FULL-SIZE,3.6,8,AS,E,12.4,10.7,11.6,204.8
BMW,FULL-SIZE,6.9,10,AV,X,22.6,18.6,20.6,483.5
Chevrolet,MID-SIZE,2.8,6,M,N,13.1,9.9,11.5,238.1
Toyota,SUB-COMPACT,2.5,3,M,D,11.6,9.2,10.4,273.3
Volkswagen,FULL-SIZE,7.6,6,AS,Z,23.1,21.5,22.3,520.7
Hyundai,COMPACT,1.9,4,AS,Z,12.8,10.3,11.6,274.5
Hyundai,COMPACT,2.4,4,M,X,11.1,8.9,10.0,253.0
Honda,COMPACT,2.0,4,M,E,13.0,7.4,10.2,179.8
Toyota,TWO-SEATER,1.9,3,AS,X,11.1,6.8,8.9,195.0
Nissan,COMPACT,2.7,3,AS,D,12.1,9.1,10.6,272.6
BMW,STATION WAGON,3.2,4,A,N,17.4,11.6,14.5,286.7
Toyota,STATION WAGON,3.9,6,A,Z,19.5,16.6,18.1,434.4
Toyota,MINIVAN,4.8,10,AV,Z,17.8,13.3,15.6,376.1
Ford,MINIVAN,4.2,6,AS,N,18.1,12.5,15.3,310.3
Chevrolet,MINIVAN,4.8,8,AV,E,18.1,16.8,17.5,310.8
Mercedes,TWO-SEATER,2.0,3,AS,N,10.4,6.1,8.2,152.2
BMW,TWO-SEATER,2.2,3,M,E,9.2,7.7,8.4,134.3
Ford,PICKUP,7.8,6,A,X,22.7,19.5,21.1,527.3
Nissan,FULL-SIZE,7.4,10,A,D,27.3,23.6,25.5,600.0
Ford,TWO-SEATER,1.7,4,A,D,8.1,7.2,7.7,189.3
Chevrolet,STATION WAGON,3.3,6,AV,D,13.7,8.7,11.2,297.9
Nissan,STATION WAGON,3.7,6,AS,D,12.4,7.4,9.9,263.5
BMW,FULL-SIZE,6.9,6,AS,D,23.8,17.6,20.7,551.4
Toyota,FULL-SIZE,4.8,8,M,N,22.1,16.2,19.1,394.9
BMW,FULL-SIZE,7.9,10,M,X,25.9,24.8,25.4,600.0
Mercedes,FULL-SIZE,5.2,8,M,X,19.6,17.3,18.5,436.7
Mercedes,MINIVAN,3.7,8,AV,X,16.1,13.6,14.9,351.7
Toyota,SUB-COMPACT,2.9,3,AS,D,11.2,7.7,9.4,254.7
Hyundai,STATION WAGON,2.7,6,AS,D,11.6,5.5,8.6,232.7
Volkswagen,FULL-SIZE,7.0,10,AS,D,25.9,20.9,23.4,600.0
Toyota,FULL-SIZE,6.4,6,AM,Z,17.9,13.7,15.8,371.4
Nissan,MINIVAN,3.5,6,AV,X,17.7,14.7,16.2,383.8
BMW,SUV,2.6,8,AS,Z,12.9,7.8,10.3,253.7
Nissan,MINIVAN,6.0,10,A,D,21.3,17.5,19.4,514.9
Audi,MINIVAN,4.9,6,AM,D,16.2,11.8,14.0,367.8
Hyundai,MID-SIZE,2.4,6,AS,E,10.4,6.8,8.6,150.2
Audi,SUB-COMPACT,1.3,3,M,X,11.7,7.5,9.6,225.9
Hyundai,MINIVAN,3.3,10,AS,Z,15.2,13.3,14.2,344.1
BMW,SUB-COMPACT,1.3,4,AV,X,10.0,6.7,8.3,194.6
BMW,STATION WAGON,3.0,6,AV,D,13.3,9.1,11.2,295.6
Chevrolet,COMPACT,2.6,3,AM,D,11.5,5.2,8.3,220.7
Nissan,MID-SIZE,3.3,6,AS,X,11.9,7.8,9.8,238.2
Chevrolet,COMPACT,1.2,4,AS,Z,9.0,5.5,7.2,171.6
Nissan,SUB-COMPACT,2.7,4,A,D,12.4,8.6,10.5,275.9
BMW,FULL-SIZE,5.9,6,AM,E,23.4,19.5,21.4,382.8
Ford,COMPACT,1.5,4,AM,Z,11.2,8.4,9.8,225.5
Honda,STATION WAGON,2.4,4,A,N,13.3,8.6,10.9,227.7
Mercedes,PICKUP,4.4,10,AM,Z,15.6,12.4,14.0,344.8
Ford,COMPACT,1.3,4,AM,E,9.9,5.5,7.7,139.5
Ford,MID-SIZE,2.4,4,M,N,13.2,8.2,10.7,216.4
Hyundai,STATION WAGON,3.4,4,AS,E,17.4,13.4,15.4,282.7
Ford,COMPACT,2.0,4,AM,X,13.1,7.2,10.2,240.5
Volkswagen,STATION WAGON,3.5,6,M,D,13.2,10.7,11.9,323.7
Chevrolet,FULL-SIZE,7.3,6,M,D,21.5,20.6,21.1,552.2
Honda,SUB-COMPACT,2.4,3,A,Z,15.8,10.4,13.1,309.9
Toyota,SUV,2.9,8,AV,N,7.1,6.5,6.8,147.2
BMW,COMPACT,1.1,3,A,Z,9.9,5.6,7.8,184.4
Chevrolet,FULL-SIZE,6.4,6,A,X,24.0,17.8,20.9,496.3
Volkswagen,MINIVAN,4.8,10,AV,X,19.4,17.2,18.3,431.5
Volkswagen,COMPACT,2.1,3,AM,X,13.9,8.7,11.3,266.5
Honda,SUV,5.7,8,AS,D,21.5,18.2,19.9,554.8
Honda,FULL-SIZE,7.2,8,AS,X,22.2,18.9,20.5,491.3
Mercedes,MID-SIZE,2.9,4,AS,D,12.0,7.5,9.8,262.8
Toyota,MID-SIZE,2.7,4,AS,D,12.3,8.3,10.3,281.1
Nissan,SUV,4.4,6,AS,X,18.0,11.9,14.9,369.0
Nissan,MINIVAN,3.9,10,AS,Z,15.8,12.6,14.2,335.0
Honda,MID-SIZE,2.3,6,AV,Z,14.8,9.2,12.0,276.3
Ford,MID-SIZE,2.7,4,AM,X,11.0,5.7,8.3,191.4
Honda,SUV,5.4,8,AS,D,21.5,16.1,18.8,530.1
Volkswagen,PICKUP,6.8,10,AS,D,21.7,18.0,19.9,550.7
Audi,TWO-SEATER,2.0,3,AS,Z,10.1,8.2,9.1,199.3
Chevrolet,FULL-SIZE,3.1,10,A,Z,12.4,10.3,11.4,271.4
Ford,SUB-COMPACT,2.2,4,M,D,12.9,10.2,11.6,308.7
Honda,STATION WAGON,3.5,6,M,D,14.8,10.7,12.8,342.9
BMW,STATION WAGON,2.7,4,A,E,8.9,5.0,7.0,129.4
Nissan,MINIVAN,7.3,8,AS,Z,21.6,19.8,20.7,481.4
BMW,FULL-SIZE,5.5,6,AM,E,20.7,18.4,19.5,357.9
Nissan,STATION WAGON,3.4,6,AS,N,15.6,10.7,13.1,266.8
Audi,PICKUP,5.5,8,AV,D,23.0,19.1,21.1,591.8
Toyota,COMPACT,2.2,3,AM,D,15.0,10.0,12.5,333.7
Mercedes,SUB-COMPACT,1.2,4,AM,E,8.6,5.2,6.9,116.2
Chevrolet,SUV,4.8,8,A,Z,19.5,15.7,17.6,433.5
Ford,COMPACT,2.1,3,AS,E,15.9,10.9,13.4,240.3
BMW,COMPACT,2.4,3,AM,E,12.5,9.3,10.9,199.0
Honda,TWO-SEATER,1.2,3,AM,E,9.1,4.8,6.9,119.4
Mercedes,FULL-SIZE,6.1,8,AS,X,20.0,15.5,17.8,422.8
Honda,STATION WAGON,2.4,6,A,D,11.5,6.3,8.9,228.4
Chevrolet,MID-SIZE,3.4,4,AV,D,11.4,8.6,10.0,263.8
Hyundai,TWO-SEATER,1.9,4,A,D,8.9,6.0,7.5,175.1
Hyundai,MINIVAN,4.0,8,AM,N,13.2,9.2,11.2,223.6
Hyundai,FULL-SIZE,7.4,10,AV,X,21.8,18.9,20.4,487.3
Nissan,PICKUP,7.7,10,AV,E,27.2,21.2,24.2,449.7
Toyota,STATION WAGON,2.4,6,M,X,10.0,7.3,8.7,202.4
BMW,SUB-COMPACT,1.8,3,M,E,10.2,8.3,9.2,172.3
Ford,PICKUP,6.4,6,AS,X,16.7,15.7,16.2,403.7
Chevrolet,PICKUP,5.3,10,AS,E,19.5,16.8,18.1,345.7
Ford,PICKUP,3.7,8,AM,N,14.4,11.1,12.8,264.8
Nissan,COMPACT,1.1,3,AM,N,7.3,5.9,6.6,128.0
Audi,MINIVAN,6.4,6,AS,X,23.1,20.4,21.8,516.8
Hyundai,MID-SIZE,3.0,6,AS,Z,16.8,15.4,16.1,381.3
Mercedes,MINIVAN,7.2,10,AS,X,24.3,19.9,22.1,516.2
Honda,FULL-SIZE,4.1,8,AS,E,11.7,8.9,10.3,177.5
Nissan,STATION WAGON,2.7,4,AM,N,13.0,9.2,11.1,224.5
BMW,FULL-SIZE,4.8,10,AM,D,11.9,8.9,10.4,279.0
Volkswagen,COMPACT,2.7,3,M,D,11.0,7.9,9.4,248.9
Mercedes,MID-SIZE,3.1,4,AS,E,15.0,12.1,13.6,249.3
BMW,PICKUP,3.5,6,AM,X,15.7,11.7,13.7,336.2
Nissan,MINIVAN,7.4,10,AS,Z,19.8,18.5,19.1,449.1
Nissan,TWO-SEATER,2.5,4,AS,Z,13.6,8.2,10.9,228.1
Hyundai,MID-SIZE,2.7,6,AS,Z,14.0,9.1,11.6,275.3
Ford,TWO-SEATER,2.6,3,A,E,10.9,9.1,10.0,159.0
Volkswagen,MID-SIZE,2.2,4,AV,X,13.2,7.8,10.5,251.1
Mercedes,TWO-SEATER,2.0,3,AM,X,9.6,4.3,6.9,153.5
BMW,SUV,2.8,6,M,E,14.3,8.0,11.2,211.8
Volkswagen,SUV,2.6,4,AV,N,14.4,9.2,11.8,249.1
Nissan,SUV,3.4,4,A,E,16.9,12.6,14.8,281.2
Ford,MID-SIZE,3.9,4,AV,Z,13.1,11.4,12.2,290.9
Nissan,TWO-SEATER,1.2,3,M,D,4.9,2.2,3.6,86.0
Ford,SUB-COMPACT,2.7,3,AM,X,12.4,9.5,10.9,257.3
Ford,COMPACT,1.6,4,M,N,9.5,7.0,8.2,154.6
Volkswagen,TWO-SEATER,1.2,4,M,D,8.8,3.7,6.2,147.7
Chevrolet,SUB-COMPACT,2.4,4,A,Z,13.0,10.7,11.8,274.5
Chevrolet,TWO-SEATER,2.8,3,A,D,14.5,11.4,12.9,302.6
Audi,MINIVAN,3.7,10,A,N,15.9,14.7,15.3,308.1
Nissan,MINIVAN,7.4,6,A,D,23.0,18.9,20.9,560.6
BMW,MID-SIZE,2.6,4,AS,D,10.1,4.3,7.2,194.7
BMW,PICKUP,6.1,8,AV,D,22.0,19.8,20.9,575.8
Nissan,FULL-SIZE,5.8,10,AS,Z,22.5,21.6,22.1,522.5
Ford,COMPACT,1.9,3,AS,E,9.8,6.6,8.2,148.9
Nissan,COMPACT,1.9,4,AS,E,8.9,6.3,7.6,140.9
Ford,MID-SIZE,2.7,4,AM,X,15.7,10.1,12.9,297.0
BMW,SUV,4.5,4,AV,N,18.6,15.1,16.9,346.2
Chevrolet,TWO-SEATER,2.4,4,A,D,13.8,9.0,11.4,275.9
Audi,MINIVAN,6.0,6,AM,X,16.9,15.4,16.1,379.5
Nissan,TWO-SEATER,2.3,4,AV,Z,9.4,7.9,8.7,184.6
Volkswagen,TWO-SEATER,1.6,3,M,Z,11.1,7.0,9.1,197.6
Toyota,MID-SIZE,3.1,6,A,E,15.4,13.7,14.6,269.8
Audi,MID-SIZE,2.0,4,M,E,11.0,7.0,9.0,161.0
Ford,MID-SIZE,2.6,6,AM,N,7.7,5.1,6.4,124.0
Mercedes,STATION WAGON,2.4,6,AS,E,13.0,10.1,11.6,216.9
Honda,SUB-COMPACT,2.6,3,AS,E,8.4,6.5,7.5,132.0
Nissan,SUV,4.8,8,M,E,18.1,14.0,16.1,305.8
Honda,PICKUP,5.3,6,AS,D,15.2,14.2,14.7,409.7
BMW,SUV,4.3,6,AV,Z,16.5,11.6,14.1,350.8
Hyundai,MID-SIZE,3.0,6,A,E,15.2,10.9,13.1,235.8
BMW,MINIVAN,4.3,6,AV,Z,14.8,12.4,13.6,321.8
Ford,FULL-SIZE,7.2,6,A,E,25.3,20.9,23.1,413.9
Volkswagen,TWO-SEATER,2.5,4,AV,D,10.1,6.0,8.1,199.6
Ford,SUV,3.1,8,AV,D,15.4,11.6,13.5,372.6
Hyundai,COMPACT,1.0,3,A,X,10.5,6.5,8.5,199.8
Audi,TWO-SEATER,1.6,4,AS,D,9.7,8.9,9.3,222.7
Chevrolet,MID-SIZE,3.6,4,A,X,14.7,12.3,13.5,322.2
Chevrolet,SUB-COMPACT,2.7,3,A,D,9.7,6.2,7.9,202.9
Audi,COMPACT,1.2,3,AS,E,6.5,2.0,4.2,76.3
Volkswagen,SUV,3.2,8,AS,Z,17.3,15.7,16.5,422.3
Audi,SUB-COMPACT,2.7,4,A,E,13.6,10.5,12.1,220.3
Volkswagen,TWO-SEATER,1.5,3,AV,Z,6.3,3.7,5.0,104.2
Honda,PICKUP,7.5,8,AS,Z,23.7,18.9,21.3,526.8
Mercedes,TWO-SEATER,2.4,3,M,D,11.6,7.3,9.4,221.2
Nissan,SUV,4.3,8,AM,N,14.2,8.6,11.4,243.3
Nissan,FULL-SIZE,7.4,10,AS,E,23.7,18.3,21.0,379.2
Mercedes,TWO-SEATER,2.6,3,AV,X,15.8,12.4,14.1,296.6
Nissan,FULL-SIZE,3.9,6,AV,E,9.1,7.4,8.2,146.2
Nissan,PICKUP,4.2,10,A,Z,18.6,16.4,17.5,445.7
Ford,FULL-SIZE,7.1,10,A,Z,21.1,19.4,20.2,481.2
Chevrolet,MID-SIZE,3.1,6,AM,D,13.0,7.5,10.2,268.8
Hyundai,PICKUP,7.5,10,AV,N,30.7,25.9,28.3,586.4
Nissan,TWO-SEATER,2.9,3,A,N,14.2,9.2,11.7,212.7
Honda,STATION WAGON,2.1,4,M,Z,15.4,9.2,12.3,292.0
Ford,PICKUP,6.5,10,AS,Z,22.0,20.3,21.1,523.0
Ford,MID-SIZE,3.7,6,AS,Z,15.3,11.9,13.6,320.6
Mercedes,PICKUP,5.5,6,AM,D,20.9,16.7,18.8,519.2
Chevrolet,FULL-SIZE,6.8,10,AS,X,22.3,20.5,21.4,507.0
Audi,TWO-SEATER,2.9,4,A,E,14.1,13.5,13.8,223.3
Hyundai,MID-SIZE,2.2,6,AS,X,7.7,4.8,6.2,153.2
Toyota,FULL-SIZE,7.5,6,AV,D,21.6,17.3,19.5,511.5
Hyundai,PICKUP,6.6,8,AM,Z,23.1,17.1,20.1,507.4
Volkswagen,FULL-SIZE,6.5,8,M,N,18.5,14.1,16.3,341.7
Nissan,MINIVAN,7.4,10,AS,X,28.1,24.4,26.2,600.0
Hyundai,MINIVAN,4.9,10,M,N,20.1,15.3,17.7,355.4
Honda,STATION WAGON,3.1,6,M,Z,13.4,10.9,12.2,292.4
Volkswagen,PICKUP,4.2,8,AS,N,16.1,15.4,15.8,332.2
Mercedes,PICKUP,6.1,8,A,Z,22.4,16.5,19.4,482.0
Nissan,PICKUP,5.9,6,AS,D,21.3,14.9,18.1,507.7
Volkswagen,STATION WAGON,3.7,4,AM,D,14.6,11.1,12.8,323.2
Volkswagen,FULL-SIZE,6.6,10,M,Z,23.6,20.6,22.1,524.7
Mercedes,TWO-SEATER,1.2,4,AS,Z,7.8,6.2,7.0,147.6
Ford,TWO-SEATER,1.4,3,AM,N,11.4,8.1,9.8,180.6
Audi,PICKUP,5.9,10,AS,E,20.0,14.4,17.2,327.2
Audi,FULL-SIZE,3.7,6,AS,E,11.8,9.2,10.5,182.1
Hyundai,MID-SIZE,3.4,6,AS,Z,14.7,8.9,11.8,284.0
Mercedes,MID-SIZE,3.2,6,A,Z,15.9,13.5,14.7,351.0
Hyundai,FULL-SIZE,3.6,8,AM,D,14.6,13.4,14.0,372.2
Ford,FULL-SIZE,6.9,8,A,D,22.5,18.3,20.4,540.7
Nissan,COMPACT,1.2,4,A,Z,10.8,7.4,9.1,219.4
Volkswagen,TWO-SEATER,2.8,4,AS,N,13.9,13.0,13.4,244.3
Nissan,TWO-SEATER,2.3,3,AM,Z,14.2,9.0,11.6,252.3
Audi,SUB-COMPACT,1.5,4,AM,N,7.9,5.7,6.8,131.6
Nissan,PICKUP,6.2,6,A,N,21.7,16.9,19.3,401.4
BMW,STATION WAGON,3.3,4,M,N,13.1,8.6,10.8,215.3
Volkswagen,STATION WAGON,2.4,6,AV,Z,9.4,6.1,7.8,183.3
Ford,COMPACT,1.5,3,M,N,5.7,2.0,3.9,79.1
Volkswagen,MINIVAN,5.0,6,AS,Z,18.4,16.5,17.4,408.3
Toyota,STATION WAGON,2.6,6,A,Z,16.2,10.7,13.4,322.3
BMW,FULL-SIZE,3.9,6,M,D,13.3,7.5,10.4,270.7
Toyota,MINIVAN,3.9,10,A,D,12.8,10.3,11.6,301.5
Audi,MINIVAN,4.3,6,A,X,17.4,14.6,16.0,378.2
Chevrolet,TWO-SEATER,2.0,4,A,D,7.7,6.1,6.9,154.9
Audi,MID-SIZE,3.0,6,M,Z,14.3,10.4,12.4,287.7
Honda,SUV,5.2,8,M,D,18.4,14.8,16.6,461.6
Hyundai,SUV,5.2,4,AM,N,23.7,17.4,20.5,423.7
Hyundai,SUB-COMPACT,2.9,4,A,Z,9.0,2.8,5.9,140.7
Volkswagen,PICKUP,6.3,6,A,Z,27.6,22.4,25.0,600.0
Volkswagen,PICKUP,7.2,8,AM,X,24.8,20.9,22.9,567.3
Toyota,FULL-SIZE,6.7,10,A,D,21.7,19.3,20.5,536.3
Ford,STATION WAGON,4.0,6,M,N,17.0,12.5,14.8,298.5
Mercedes,PICKUP,7.9,10,AS,D,25.9,21.9,23.9,600.0
Mercedes,SUV,4.1,8,AM,Z,19.2,15.1,17.1,422.8
Toyota,TWO-SEATER,1.0,3,M,E,8.7,4.4,6.5,97.4
Nissan,SUB-COMPACT,2.1,3,AV,Z,11.9,5.9,8.9,208.9
Nissan,MID-SIZE,2.7,6,AV,D,10.2,6.2,8.2,217.2
Toyota,MID-SIZE,2.9,4,AS,Z,11.0,10.0,10.5,254.5
BMW,MINIVAN,4.0,10,AM,X,14.9,12.5,13.7,324.6
Mercedes,COMPACT,1.6,3,A,X,11.3,5.4,8.4,199.9
Honda,PICKUP,5.8,8,M,N,20.9,17.9,19.4,402.9
Volkswagen,FULL-SIZE,3.3,6,A,X,12.0,9.2,10.6,249.7
Chevrolet,STATION WAGON,3.5,6,M,Z,14.5,8.5,11.5,268.5
Hyundai,PICKUP,6.4,8,A,E,21.6,16.2,18.9,361.8
Toyota,MINIVAN,5.2,8,AM,Z,20.7,16.6,18.6,441.8
Mercedes,STATION WAGON,3.5,4,A,D,17.1,11.9,14.5,382.1
Mercedes,COMPACT,1.8,4,A,N,12.5,6.3,9.4,187.5
Chevrolet,SUB-COMPACT,2.9,3,M,X,13.1,11.6,12.3,288.6
Honda,COMPACT,2.0,3,AV,D,6.5,2.4,4.5,118.1
Nissan,SUV,5.9,4,AM,N,24.8,18.8,21.8,462.6
Volkswagen,TWO-SEATER,2.5,4,AV,Z,13.0,12.5,12.8,278.6
Toyota,SUB-COMPACT,1.6,3,M,Z,12.4,7.4,9.9,235.6
BMW,SUB-COMPACT,1.1,3,AV,Z,7.2,4.9,6.1,143.0
Honda,SUB-COMPACT,1.5,3,AS,E,10.8,7.7,9.2,171.6
Volkswagen,MID-SIZE,2.7,4,AS,N,11.8,9.9,10.9,215.7
Honda,COMPACT,2.2,3,AV,X,13.1,9.1,11.1,266.1
Hyundai,PICKUP,4.8,8,AV,E,13.9,12.7,13.3,239.3
Toyota,COMPACT,1.3,4,AV,D,6.4,2.5,4.5,112.7
Ford,FULL-SIZE,5.3,10,AM,D,16.7,15.2,15.9,419.0
Volkswagen,FULL-SIZE,3.3,10,AV,Z,13.5,11.3,12.4,301.1
Chevrolet,SUV,5.2,6,M,E,20.4,14.7,17.5,332.3
Volkswagen,MINIVAN,7.3,10,AM,N,24.7,22.5,23.6,466.3
Honda,TWO-SEATER,2.8,3,AS,X,16.8,11.2,14.0,298.3
Chevrolet,TWO-SEATER,2.2,3,AS,D,13.1,8.7,10.9,254.2
Audi,FULL-SIZE,7.1,6,AM,Z,19.4,19.1,19.2,459.1
Honda,FULL-SIZE,4.5,6,AV,D,15.2,14.9,15.1,394.1
Chevrolet,PICKUP,3.9,8,M,D,14.4,10.3,12.4,349.7
Chevrolet,COMPACT,1.4,4,A,Z,8.9,5.2,7.1,176.5
Honda,MINIVAN,7.7,8,AS,X,22.9,20.3,21.6,515.1
Ford,STATION WAGON,4.0,6,A,Z,14.4,11.1,12.8,306.4
Chevrolet,SUV,4.4,8,AM,D,15.3,10.0,12.7,351.2
Chevrolet,COMPACT,2.5,3,AV,D,12.5,8.3,10.4,269.5
Toyota,PICKUP,7.4,10,AV,E,24.8,23.7,24.2,454.7
Nissan,MID-SIZE,2.3,6,AV,D,10.3,6.9,8.6,222.1
Mercedes,MINIVAN,5.6,8,AS,E,13.9,11.7,12.8,229.4
